Price,Close,High,Low,Open,Volume,Daily Return,MA20,MA50
Ticker,AAPL,AAPL,AAPL,AAPL,AAPL,,,
Date,,,,,,,,
2024-01-02,183.73130798339844,186.5025222946912,181.99930092657837,185.22577720716953,82488700,,,
2024-01-03,182.3555908203125,183.96883642924203,181.5440145919006,182.32590048043423,58414500,-0.007487657809578385,,
2024-01-04,180.0396728515625,181.2075332827541,179.02026413555495,180.277195595857,71983600,-0.012700010777470627,,
2024-01-05,179.31716918945312,180.88092604513352,178.31755906038765,180.11885376441708,62379700,-0.004013024744302096,,
2024-01-08,183.6521453857422,183.69174257913158,179.63389106527006,180.21782130157615,59144500,0.024174908715567822,,
2024-01-09,183.23641967773438,183.24631142265767,180.8511952858635,182.02896231346367,42841800,-0.0022636583260958743,,
2024-01-10,184.27566528320312,184.48349768333688,182.02900036017593,182.4545871112419,46792900,0.005671610519876635,,
2024-01-11,183.68182373046875,185.12681915669637,181.73207738578324,184.62205313633504,49128400,-0.003222571747722225,,
2024-01-12,184.0084228515625,184.8199990991005,183.28593272766105,184.14698280822722,40477800,0.0017780698953262508,,
2024-01-16,181.74197387695312,182.36548612847807,179.0697224204938,180.28708678689063,65603000,-0.012317093638901988,,
2024-01-17,180.8017120361328,181.0491415840924,178.4461930088501,179.40622086308548,47317400,-0.005173608609846503,,
2024-01-18,186.69056701660156,187.1953179109023,183.91935276727983,184.17667408756796,78005800,0.032570792135485194,,
2024-01-19,189.59042358398438,189.97641309339812,186.87860527237555,187.3833561379468,68903000,0.015532957094318123,,
2024-01-22,191.89646911621094,193.3216657993532,190.28322355100102,190.32282073770045,60133900,0.012163301756668243,,
2024-01-23,193.17323303222656,193.73737977781175,191.83712223283266,193.01488956324005,42355600,0.006653399731093579,,
2024-01-24,192.50021362304688,194.36088890095834,192.34185506707502,193.41075266703035,53631300,-0.003484020009477229,,
2024-01-25,192.17361450195312,194.2520291241628,191.1245154438125,193.21282181305796,54822100,-0.0016966169280897558,,
2024-01-26,190.4416046142578,192.75754194727924,189.9665440310004,192.2725896171282,44594000,-0.009012735136319727,,
2024-01-29,189.75869750976562,190.22386634852867,187.63080907007364,190.03581744325376,47145600,-0.0035859134135917126,,
2024-01-30,186.1066131591797,189.82796344587697,185.54248160944437,188.9768051464624,55859400,-0.019245939177032878,185.9586669921875,
2024-01-31,182.50404357910156,185.17629499887522,182.45456974695213,185.11689921687164,55467800,-0.019357558116415707,185.89730377197264,
2024-02-01,184.93875122070312,185.02782223798647,181.93001441121828,182.0982647000541,64885400,0.01334056820799323,186.02646179199218,
2024-02-02,183.93914794921875,185.40392677166545,177.4070012757119,178.01073002917815,102551700,-0.005405050401208089,186.221435546875,
2024-02-05,185.75030517578125,187.30417000412038,183.92922730587782,186.21547393955785,69668800,0.009846502208776808,186.5430923461914,
2024-02-06,187.35366821289062,187.36355995873058,184.8496822422945,184.93875326056028,43490800,0.008631819127252971,186.72816848754883,
2024-02-07,187.46255493164062,189.0856924097343,186.67077723703076,188.67990426473503,53439000,0.0005811827427166794,186.93947525024413,
2024-02-08,186.3837432861328,187.5911856262693,185.42371540021887,187.44273393335544,40962000,-0.005754811385672243,187.0448791503906,
2024-02-09,187.14682006835938,188.27653811843788,186.30447993507684,186.9486117161699,45155200,0.004094116626121691,187.21812896728517,
2024-02-12,185.46212768554688,186.96842336096995,185.1053738445565,186.72067805809255,41781900,-0.009001982412509713,187.2908142089844,
2024-02-13,183.3711395263672,184.53060074172208,181.85493962465304,184.094566630165,56529500,-0.011274475200268252,187.37227249145508,
2024-02-14,182.48919677734375,183.85675578337245,180.79462725534452,183.64865818230027,54630500,-0.004809604997282668,187.45664672851564,
2024-02-15,182.20179748535156,182.82612045767794,179.71444020641266,181.89459574378543,65434500,-0.0015748838674699561,187.23220825195312,
2024-02-16,180.66578674316406,183.18288755084293,180.03155935687485,181.76577652013776,49752500,-0.008430272167380681,186.7859764099121,
2024-02-20,179.9225616455078,180.78471053407532,178.3766332434525,180.15048310961222,53665600,-0.004113812089462376,186.18728103637696,
2024-02-21,180.6757049560547,181.24055639365764,179.03067248659073,180.2991272502037,41371400,0.004185930345026678,185.56240463256836,
2024-02-22,182.7072296142578,183.29192011230285,180.81446669725386,181.8252568033474,52292200,0.01124403891877579,185.0727554321289,
2024-02-23,180.8739013671875,183.3711632214272,180.58650833781007,183.34143499372246,45119700,-0.010034240303139264,184.5077697753906,
2024-02-26,179.52615356445312,181.11171437415507,179.0207434868858,180.59641504961763,40867400,-0.007451311618464795,183.96199722290038,
2024-02-27,180.98289489746094,182.2612539462515,177.94057546451762,179.4666949255866,54318900,0.008114368319515064,183.52320709228516,
2024-02-28,179.7838134765625,181.46847854843006,178.50545433930714,180.8639793914523,48953900,-0.006625385352454383,183.2070671081543,
2024-02-29,179.11985778808594,180.92345088953732,177.9108594746495,179.63517226295397,136682600,-0.003693078234560443,183.03785781860353,
2024-03-01,178.03970336914062,178.90185225837237,175.78026722267666,177.93069482167198,73563100,-0.006030344330795634,182.6929054260254,
2024-03-04,173.52081298828125,175.30456703921072,172.22261492332544,174.56133114426578,81510100,-0.025381363231605003,182.1719886779785,
2024-03-05,168.58572387695312,170.48840604509627,168.0902332564625,169.21995126633416,95132400,-0.028440905885228962,181.31375961303712,
2024-03-06,167.59474182128906,169.69563232435493,167.15870765798908,169.5172478388351,68587700,-0.005878208622145054,180.32581329345703,
2024-03-07,167.47581481933594,169.1902079797121,166.97041987504164,167.62445594378354,71765100,-0.0007096105800260544,179.32647628784179,
2024-03-08,169.19021606445312,172.13343143853632,167.41636636953461,167.4758228221548,76267000,0.010236709383779408,178.4667999267578,
2024-03-11,171.1920166015625,172.80732093128213,170.49833272784605,171.38030546468005,60139500,0.011831656603280116,177.66905975341797,
2024-03-12,171.6676788330078,172.4604668624585,169.4676992338398,171.58839851794536,59825400,0.0027785304530432153,176.979337310791,
2024-03-13,169.5866241455078,171.62804307697533,169.21995080494636,171.21183277143888,52488700,-0.01212257718894405,176.29011154174805,181.98575744628906
2024-03-14,171.43972778320312,172.7379105857579,170.49829877625797,171.35054311459356,72913500,0.01092718041315166,175.737638092041,181.73992584228515
2024-03-15,171.0631561279297,171.0631561279297,168.75416830335303,169.6262365278927,121752700,-0.0021965250420231675,175.18070602416992,181.5140771484375
2024-03-18,172.15325927734375,176.107279800922,171.95506605696912,173.98658058844927,75604200,0.006372518630480606,174.7550796508789,181.35634887695312
2024-03-19,174.49195861816406,175.0171774056643,171.4694631572472,172.76764601394297,55215200,0.013584984394937383,174.48354949951172,181.25984466552734
2024-03-20,177.05859375,177.05859375,173.5108795488189,174.1352024891535,53423100,0.014709188619129732,174.30269393920898,181.1279736328125
2024-03-21,169.82443237304688,175.88924720546055,169.2992135808601,175.4532130863986,106181300,-0.040857442859664195,173.65855407714844,180.85973388671874
2024-03-22,170.72625732421875,171.48931715990707,168.5262776263353,170.210942813777,71160100,0.005310336908360025,173.151171875,180.58874572753905
2024-03-25,169.3091583251953,170.38932429506946,167.92177545566648,169.0316847755244,54288300,-0.008300416240791142,172.64032211303712,180.3012924194336
2024-03-26,168.17942810058594,169.87399750483326,168.0505957042821,168.4668059986792,57388400,-0.006672587802010521,172.00014877319336,179.98471252441405
2024-03-27,171.74696350097656,172.0343565405087,168.57582642397568,168.87312383270142,60273300,0.02121267411051564,171.59830627441406,179.78481231689454
2024-03-28,169.93345642089844,170.67669234048742,168.97220342186947,170.20102558587905,65672700,-0.010559179872008717,171.13898620605468,179.56744720458985
2024-04-01,168.4965362548828,169.70553455748254,167.9514935576168,169.6460781034487,46240500,-0.008455781435155463,170.6618278503418,179.20356658935546
2024-04-02,167.31724548339844,167.81273603395658,166.71274640687062,167.5550863912881,49329500,-0.006998902159629394,170.35164947509764,178.75810302734374
2024-04-03,168.11996459960938,169.14067408704202,167.05962251511946,167.2677201117247,47691700,0.004797587444687945,170.32836151123047,178.2825729370117
2024-04-04,167.29745483398438,170.3694875068381,167.29745483398438,168.7541832986243,53704400,-0.004892397923018099,170.31349716186523,177.7650573730469
2024-04-05,168.05059814453125,168.85329051832247,167.42627513328318,168.06050251317026,42104800,0.004501821688167595,170.342236328125,177.27606506347655
2024-04-08,166.93080139160156,167.67403738632925,166.72270378093583,167.50557237539863,37425500,-0.006663449968601798,170.22926559448243,176.77120880126952
2024-04-09,168.13980102539062,168.54610700117138,166.8317135282985,167.17854792228746,42373800,0.007242519796887947,170.07665481567383,176.32517272949218
2024-04-10,166.26686096191406,167.56504419900938,165.60290522695604,167.27766624134972,49709300,-0.011139183298984223,169.80661392211914,175.85533599853517
2024-04-11,173.4613494873047,173.87757491447604,166.64340884278624,166.8217782077108,91070300,0.04327073046166818,170.00035018920897,175.60243072509766
2024-04-12,174.957763671875,176.75143752987137,172.6388708981507,172.68840786964623,101670900,0.008626787402457259,170.17625198364257,175.45150512695312
2024-04-15,171.13253784179688,175.03700600653332,170.94424900321735,173.7784557074799,73531800,-0.0218637101309328,170.17972106933593,175.175380859375
2024-04-16,167.85240173339844,172.19288913903023,166.7524119884344,170.20102235595408,73711200,-0.019167226465318654,169.96467819213868,174.85364593505858
2024-04-17,166.48483276367188,169.1109267558204,166.48483276367188,168.08031301583728,50901200,-0.008147449518766448,169.56432189941407,174.4683364868164
2024-04-18,165.5334930419922,167.11906901091456,165.0479219314042,166.51456987389489,43122900,-0.005714272621038852,168.98806686401366,174.03193298339843
2024-04-19,163.5119171142578,164.89928490796945,162.60021611822233,164.71101115974596,68149400,-0.012212488787520126,168.6724411010742,173.55292022705078
2024-04-22,164.3443145751953,165.75150603037284,163.28397258003716,164.0272084619306,48116400,0.00509074491711714,168.35334396362305,173.11213165283203
2024-04-23,165.39476013183594,165.54341638804536,163.43262154349364,163.85875133255257,49537800,0.006391736515837909,168.1576240539551,172.67709045410157
2024-04-24,167.49566650390625,167.77314006308927,164.71101142134987,165.03802194946388,48251800,0.012702375639927599,168.1234359741211,172.31776123046876
2024-04-25,168.35780334472656,169.07131105182287,166.63349053238153,168.0010494911784,50558300,0.005147218783718266,167.9539779663086,172.01749450683593
2024-04-26,167.7731170654297,169.79471202253325,167.6541890412428,168.3478879652858,44838400,-0.0034728789974747265,167.84596099853516,171.72317291259765
2024-04-29,171.9352569580078,174.44243845784558,171.5388704832316,171.8064245491769,68169400,0.024808145460842423,168.0178970336914,171.5178421020508
2024-04-30,168.79380798339844,173.41178341278996,168.46678241475865,171.7667512024824,65934800,-0.018271115710587593,168.09172515869142,171.28040252685548
2024-05-01,167.7731170654297,171.15236652369296,167.58482822154218,168.05059058657778,50383100,-0.006046968962683419,168.07438278198242,171.0374136352539
2024-05-02,171.46946716308594,171.85594920671264,169.34876810707777,170.95415273119292,94214900,0.02203183777180895,168.2829833984375,170.85328887939454
2024-05-03,181.72613525390625,185.31348231884328,181.01262758822543,184.9666328542693,163224100,0.05981629418061418,168.96676025390624,170.8336669921875
2024-05-06,180.0712127685547,182.53874644704828,178.79283846563771,180.70544017490002,78569700,-0.009106683983783226,169.6237808227539,170.81761322021484
2024-05-07,180.75497436523438,183.23242749590466,179.68472791941784,181.79550770435065,77305800,0.0037971732747672515,170.2545394897461,170.84218963623047
2024-05-08,181.0919189453125,181.4189445721307,179.81354466582562,181.20092748758523,45057100,0.0018640957531674829,170.99579238891602,170.8443701171875
2024-05-09,182.90541076660156,182.99459544718977,180.4675903156434,180.91352883975787,48983000,0.010014206221077737,171.46799545288087,170.90680206298828
2024-05-10,181.64517211914062,183.66950932429603,180.7322345449188,183.4809650708303,50759500,-0.0068901113541637304,171.80236587524413,170.95730834960938
2024-05-13,184.850341796875,185.66405574980115,183.20307828852305,184.0167922414492,72044800,0.017645223599073168,172.48825607299804,171.09352111816406
2024-05-14,185.9915313720703,186.8548647149755,184.8602810891409,186.07091921634225,52393600,0.006173586503017248,173.39521255493165,171.34293548583983
2024-05-15,188.26397705078125,189.18683240943687,185.9320062923224,186.46787049037354,70400000,0.012218006174512297,174.48416976928712,171.73650054931642
2024-05-16,188.383056640625,189.6333963773736,188.20444533062346,189.0082265089993,52845200,0.0006325139397838075,175.62664794921875,172.15226684570314
2024-05-17,188.41281127929688,189.34559954047234,187.72810435814964,188.0555735439889,41282900,0.00015794753096409764,176.8716926574707,172.57100677490234
2024-05-20,189.57382202148438,190.44707314635468,187.5594028379898,187.87695420764547,44361300,0.006162058377582769,178.13316802978517,172.97867889404296
2024-05-21,190.87379455566406,191.2508679069906,189.45476137627725,189.62345487533878,42309400,0.006857342012297263,179.40711975097656,173.372314453125
2024-05-22,189.43492126464844,191.3401994424317,188.8097665310703,190.79441741971692,34648500,-0.00753834906653994,180.50408248901368,173.72765930175783
2024-05-23,185.44577026367188,189.5341459487459,185.19768892080702,189.51429520164533,51005900,-0.021058160630286094,181.35848083496094,174.04484222412108
2024-05-24,188.52197265625,189.11737394472448,186.59685898409072,187.37088671578107,36327000,0.016588150747274044,182.39592361450195,174.38648712158204
2024-05-28,188.53189086914062,191.5187845976106,187.64872194997955,190.04021443649896,52280100,5.261038143666852e-05,183.2257553100586,174.73586181640624
2024-05-29,188.82960510253906,190.77456966628964,188.05559245514976,188.15483105781396,53068000,0.0015791186945930402,184.22754516601563,175.06938873291017
2024-05-30,189.82192993164062,190.70509898235173,189.16700663796175,189.29599865097472,49889100,0.005255133741145723,185.32998580932616,175.37598815917968
2024-05-31,190.77455139160156,191.09210277636024,188.45251367186646,189.9707702687458,75158300,0.005018500551037475,186.29524002075195,175.6503073120117
2024-06-03,192.54087829589844,193.49351725389894,191.04247253185534,191.41954585254337,50080500,0.009258713446905986,186.83597717285156,176.10463623046874
2024-06-04,192.8584442138672,193.82100104656786,191.548567440495,193.1462119125533,47471400,0.001649342834515899,187.4753387451172,176.5472799682617
2024-06-05,194.3667755126953,195.38886948576234,193.37445009094603,193.9003813531384,54156800,0.007820924331192192,188.15592880249022,177.04843231201173
2024-06-06,192.98744201660156,194.99194358986873,192.679823561343,194.1881624282746,41181800,-0.007096549770172267,188.75070495605468,177.54459259033203
2024-06-07,195.3789520263672,195.4285713258788,192.65005711175448,193.15613762673084,53103900,0.01239204989078968,189.37438201904297,178.01723236083984
2024-06-10,191.6378631591797,195.7857909182053,190.6753063763642,195.3888517006261,97010200,-0.01914786023973869,189.87401657104493,178.45132049560547
2024-06-11,205.56019592285156,205.57012886730556,192.14396771907968,192.1638033246204,172373300,0.07264917555518546,190.90950927734374,179.19259368896485
2024-06-12,211.43478393554688,218.5100538646653,205.3121227860245,205.7785169434978,198134300,0.028578431667286797,192.1816719055176,180.07494445800782
2024-06-13,212.59579467773438,215.08652592836702,209.9760562824749,213.09195736730385,97862700,0.005491105676071806,193.39826278686525,180.9644610595703
2024-06-14,210.8592071533203,213.51863167298376,209.67833763090172,212.20877015870124,70122700,-0.008168494240662127,194.5220703125,181.83569610595703
2024-06-17,215.0071258544922,217.2696263789355,211.08744385812574,211.73244926121387,93728300,0.019671508572807195,195.85178604125977,182.77482666015624
2024-06-18,212.64540100097656,216.95210469802018,211.36530791117931,215.92007781385274,79943300,-0.01098440269888512,197.00536499023437,183.68911865234375
2024-06-20,208.07077026367188,212.59578653831548,207.24715355520107,212.28815296354617,86172500,-0.02151295403413722,197.86521377563477,184.48773803710938
2024-06-21,205.89759826660156,210.26382387597764,205.5205097773767,208.77533580800622,241805100,-0.010444388677546712,198.68834762573243,185.2803527832031
2024-06-24,206.5426025390625,211.06760381745957,205.00449518251241,206.12582769938734,80727000,0.003132645926378297,199.74318923950196,185.9419778442383
2024-06-25,207.46546936035156,209.75773850908567,207.0089930344414,207.54484206411715,55549700,0.004468166905733373,200.69036407470702,186.59213195800783
2024-06-26,211.6134033203125,213.21104790884368,209.02343327658642,209.87683377372142,66213200,0.019993370331697458,201.8444396972656,187.4017492675781
2024-06-27,212.45689392089844,214.08430712231802,210.72032430967755,213.04236232724844,49772700,0.003985997991389878,203.0258041381836,188.2938391113281
2024-06-28,209.00355529785156,214.41174043740799,208.68601906723538,214.1140398112984,82542700,-0.016254302504924212,203.98488540649413,189.1442135620117
2024-07-01,215.08651733398438,215.84067914098924,210.29358412725625,210.46227761796723,60402900,0.029104586414637534,205.2004837036133,190.13527404785157
2024-07-02,218.57952880859375,218.68868521261126,213.44920810314017,214.4911377013164,58046200,0.016240029909385,206.50241622924804,191.23662628173827
2024-07-03,219.8496856689453,219.8496856689453,217.34902153194005,218.31157833867707,37369800,0.0058109598244391325,207.85197830200195,192.34673370361327
2024-07-05,224.6029052734375,224.71206166235044,219.94889718329503,219.94889718329503,60412400,0.0216203156717254,209.36378479003906,193.5308966064453
2024-07-08,226.07156372070312,226.1013322692385,221.53662969916704,225.34715532852172,59085900,0.0065389111751588125,211.01799087524415,194.70241455078124
2024-07-09,226.92494201660156,227.63941744293055,224.63267299949706,226.18069804264906,48076100,0.00377481485001252,212.59529037475585,195.87375732421876
2024-07-10,231.1919403076172,231.29117889263895,227.49057123987387,227.54019053238477,62627700,0.018803566734869825,214.57299423217773,197.1421337890625
2024-07-11,225.823486328125,230.60648662367137,224.03729767642758,229.61416127735984,64710600,-0.023220766140675475,215.5861587524414,198.21989837646484
2024-07-12,228.77069091796875,230.8545803134063,226.92496506939614,227.1631286162611,53046500,0.013050921486357003,216.4529541015625,199.41943603515625
2024-07-15,232.60105895996094,235.409341553401,231.30111515749465,234.66509753137677,62631300,0.01674326386226488,217.45321731567384,200.71599487304687
2024-07-16,233.017822265625,234.45669084850812,230.54692694431867,233.19643354245886,43234300,0.001791751540287656,218.56114807128907,201.94696197509765
2024-07-17,227.12344360351562,229.6836449661141,224.9006292447048,227.6890612108438,57345900,-0.025295827610087973,219.16696395874024,202.85490814208984
2024-07-18,222.45947265625,228.6714385621368,220.5641428905974,228.5126628842939,66034600,-0.02053496051868342,219.6576675415039,203.70267333984376
2024-07-19,222.58848571777344,225.05938116686082,221.5663918696606,223.09458131167176,49151500,0.0005799396176884297,220.383553314209,204.53934356689453
2024-07-22,222.24118041992188,226.03185518490554,221.37784711424985,225.2677604657143,48201800,-0.00156030217255676,221.200732421875,205.36232879638672
2024-07-23,223.28314208984375,225.19833806517673,220.9710219946754,222.6480544130964,39960300,0.004688427536035933,222.03775939941406,206.16988342285157
2024-07-24,216.86277770996094,223.0747441599071,215.46361045876344,222.280880842846,61777600,-0.02875436237501272,222.50762481689452,206.87423553466797
2024-07-25,215.8208465576172,219.15506035064124,212.97286249707204,217.24978234747041,51391200,-0.004804564265690869,222.71799697875977,207.49364562988282
2024-07-26,216.28724670410156,217.80550332568987,214.35220009781358,217.02155779536062,41601300,0.0021610523446808916,222.9095146179199,208.09955993652343
2024-07-29,216.5651092529297,217.61697179557376,214.0942134588753,215.29493390237633,36311800,0.00128469224636385,223.28759231567383,208.6655825805664
2024-07-30,217.1207733154297,218.63902977566391,214.4613337033208,217.50777956722112,41643800,0.002565806026727291,223.3893051147461,209.2403369140625
2024-07-31,220.3756103515625,222.10226187087767,218.93674165630796,219.7405227481965,50036300,0.01499090569009831,223.47910919189454,209.8795928955078
2024-08-01,216.6841583251953,222.7571844619209,215.35444602521784,222.64802807062824,62501000,-0.01675072854241111,223.32083282470703,210.42179962158204
2024-08-02,218.17263793945312,223.86859053089324,216.03914463167754,217.46808032420208,105568600,0.006869351344199082,222.99931945800782,210.9677764892578
2024-08-05,207.6639404296875,211.8614726265992,194.4957781490091,197.562059997048,119548600,-0.04816689026183929,222.07893829345704,211.3323568725586
2024-08-06,205.63958740234375,208.37841518370308,199.52687447574846,203.72440665766518,69660500,-0.009748216388242747,221.01467056274413,211.73623321533202
2024-08-07,208.20970153808594,212.00037630720823,204.80601788828693,205.31209833985366,63516400,0.012498148669757958,219.86555862426758,212.12998779296876
2024-08-08,211.67291259765625,212.5560815310077,207.22729938249148,211.47445056104476,47161100,0.016633283819086575,219.15802993774415,212.59280822753905
2024-08-09,214.58045959472656,215.11630867247783,210.34322570654538,210.47223285968454,42201600,0.013736037178252003,218.44851837158203,213.1078253173828
2024-08-12,216.1103973388672,218.07747160820446,214.1929998012183,214.65993379251097,38028100,0.0071299024479218875,217.62398529052734,213.63359466552734
2024-08-13,219.82598876953125,220.44193777769505,217.58072790378117,217.58072790378117,44155300,0.017193024844787574,216.96439361572266,214.21462341308595
2024-08-14,220.27304077148438,221.5744891931242,218.2662191901357,219.13055181670978,41960600,0.0020336631007802364,216.6218734741211,214.76926666259766
2024-08-15,223.25347900390625,223.8793724762866,221.30626328939533,223.13426697458056,46414000,0.013530653692268357,216.6615737915039,215.37716735839842
2024-08-16,224.57479858398438,225.34970708383625,222.19045191126241,222.45869413327577,44340200,0.005918472518204432,216.76088943481446,215.98132781982423
2024-08-19,224.41583251953125,224.51518597934856,221.58442566604344,224.2469437652095,40687800,-0.0007078535323440382,216.86962203979493,216.6098956298828
2024-08-20,225.03179931640625,225.68749582093912,223.97871925960482,224.2966382287883,30299000,0.002744756419186256,216.95705490112306,217.20295257568358
2024-08-21,224.92251586914062,226.49220666639903,223.58133501497932,225.04174306182065,34765500,-0.00048563557505032495,217.36004180908202,217.86864562988282
2024-08-22,223.064697265625,226.84983046212884,222.43880384726458,226.30341677619586,43695300,-0.008259816036365608,217.72223434448242,218.2187356567383
2024-08-23,225.35963439941406,226.73063334528243,222.866020162344,224.187342377279,38677300,0.010288213069664875,218.17585372924805,218.49723266601563
2024-08-26,225.69740295410156,225.79675641202357,222.4288803537143,225.28014571740593,30602200,0.001498797935076679,218.63246841430663,218.75926483154296
2024-08-27,226.5418701171875,227.35652605602343,223.4223624308928,224.52511915345738,35934600,0.003741590076061563,219.10352325439453,219.0729180908203
2024-08-28,225.01193237304688,228.35993491185639,224.20720569696516,226.43259292076607,38052200,-0.00675344360558694,219.33533935546876,219.2730142211914
2024-08-29,228.29037475585938,231.39995310375193,227.3863249726349,228.59836441740794,51906300,0.014570082342909574,219.91565017700196,219.58591369628905
2024-08-30,227.5055389404297,228.89639643358683,225.99545426270925,228.68777538921813,52990800,-0.003437883950512699,220.38229522705078,219.97460906982423
2024-09-03,221.3162078857422,227.50554667965343,219.72664341730942,227.05848641015993,50190600,-0.027205188425360127,221.0649085998535,220.28298126220704
2024-09-04,219.40872192382812,220.33264539565292,216.06070449558098,220.2134333758585,43840200,-0.008618826339636287,221.75336532592775,220.54030364990234
2024-09-05,220.92874145507812,224.00850159902006,220.07435325324454,220.1836359939166,36615400,0.006927799031515747,222.38931732177736,220.80956909179687
2024-09-06,219.37892150878906,223.7700744804958,218.33577084564575,222.4884846157397,48423000,-0.007015021839538171,222.77461776733398,220.9648794555664
2024-09-09,219.46835327148438,219.82600453136772,215.29576534565257,219.37894424631622,67180000,0.00040765886749838387,223.01901245117188,221.10510864257813
2024-09-10,218.67355346679688,220.03460793809228,215.31560663834654,217.49131703149231,51591000,-0.0036214779618104487,223.14717025756835,221.29850860595704
2024-09-11,221.20692443847656,221.63411098197892,216.4680492147489,220.01475867053273,44587100,0.011585173110859825,223.21621704101562,221.42091674804686
2024-09-12,221.3162078857422,222.09111639532034,218.38546260882887,221.04796566036197,37455600,0.0004940326689277796,223.26837539672852,221.47565032958985
2024-09-13,221.04794311523438,222.57788625371046,220.461797151476,222.12089674811224,36766600,-0.0012121334134114203,223.15809860229493,221.49961547851564
2024-09-16,214.90830993652344,215.80243050187988,212.52396316355507,215.12686027714844,59357400,-0.02777512014898187,222.67477416992188,221.30572357177735
2024-09-17,215.37521362304688,215.48449636527135,213.10016491936787,214.34200737227792,45519300,0.0021725715802303203,222.22274322509764,221.09179656982423
2024-09-18,219.249755859375,221.2565773677011,216.12030400107497,216.1302484418979,59894900,0.0179897313676467,221.9336410522461,220.9382928466797
2024-09-19,227.3763885498047,228.32020097310811,223.16406850984052,223.52171975466862,66781300,0.03706564077381258,222.05633468627929,220.86198181152344
2024-09-20,226.7107696533203,231.56885703306253,226.13455289925716,228.4692229235467,318679900,-0.002927387934735237,222.23863830566407,220.87972747802735
2024-09-23,224.9920196533203,227.95256742425389,224.33632328684277,225.85633703509038,54146000,-0.0075812454901382775,222.2202575683594,220.80415405273436
2024-09-24,225.8861541748047,227.8532433973514,224.2568575968381,227.15779954496355,43556100,0.003974072159813158,222.22969512939454,220.66985595703125
2024-09-25,224.89271545410156,225.80670975939722,222.55806053621265,223.46211039913067,42308700,-0.004397961992545718,222.14723739624023,220.50735382080077
2024-09-26,226.0352020263672,227.00880227293717,223.9389713421174,225.81663654010723,36636700,0.00508014041254623,222.19840087890626,220.48558898925782
2024-09-27,226.3034210205078,228.02214184296878,225.8166284941723,226.9690618971705,34026000,0.0011866248784970779,222.09905319213868,220.56246795654297
2024-09-30,231.47943115234375,231.47943115234375,228.1512873446241,228.5387415800987,54541900,0.02287199242722404,222.29774780273436,220.74028686523437
2024-10-01,224.7337646484375,228.15130254219565,222.27988260723768,228.02216122790813,63285000,-0.029141537415765972,222.46862564086913,220.79013854980468
2024-10-02,225.30003356933594,225.8861795938886,221.56457676904253,224.41584231153624,32880600,0.0025197322787000598,222.76319122314453,220.83047637939453
2024-10-03,224.19728088378906,225.32984066329956,221.86262602596847,223.67074086449446,34044200,-0.0048945961883645195,222.92661819458007,220.9771664428711
2024-10-04,225.31988525390625,226.51205091107013,222.66731173997377,226.41269745663615,37245100,0.005007216705269046,223.22366638183593,221.16714721679688
2024-10-07,220.24325561523438,224.2171516536621,219.8856043654075,223.0349151567562,39505400,-0.022530766128125657,223.26241149902344,221.24626739501954
2024-10-08,224.29660034179688,224.50522136577493,221.79304193960246,222.83619253711748,31855700,0.01840394483472263,223.54356384277344,221.40089721679686
2024-10-09,228.04200744628906,228.25064364916537,223.36275355639287,223.7601370790405,33591100,0.016698456859286726,223.88531799316405,221.61932189941408
2024-10-10,227.5452423095703,228.00224694735937,225.68745107427907,226.2934707248212,28183500,-0.002178393105207843,224.19676971435547,221.76271453857422
2024-10-11,226.06500244140625,227.91286461183438,225.85636623992795,227.80358186995707,31759200,-0.006505255188549386,224.44762268066407,221.95033142089844
2024-10-14,229.79052734375,230.21771386522883,227.1081507143634,227.20748901369805,39882100,0.016479883494170622,225.19173355102538,222.18268920898439
2024-10-15,232.3238983154297,235.9401430278398,230.85354589755886,232.08545910083197,64751400,0.01102469714902532,226.03916778564454,222.6758883666992
2024-10-16,230.2673797607422,230.60515724916505,228.34003796565733,230.0885617348273,34082200,-0.008851945794639438,226.59004898071288,223.1684442138672
2024-10-17,230.63497924804688,232.3238971476739,229.0156269629083,231.9066247344228,32993800,0.0015964027891690602,226.752978515625,223.6169497680664
2024-10-18,233.4663848876953,234.63867690560429,232.4828401919167,234.63867690560429,46431500,0.012276566411911327,227.09075927734375,224.0528192138672
2024-10-21,234.9367218017578,235.30431748145634,232.9199708414818,232.9199708414818,36254500,0.006297852749850064,227.58799438476564,224.4599444580078
2024-10-22,234.32078552246094,234.67843677993508,231.0820656392084,232.36364046895116,38846600,-0.0026217113892336164,228.00972595214844,224.8241522216797
2024-10-23,229.25404357910156,233.60546433739609,226.27362172475395,232.55238437433343,52287000,-0.02162310070812601,228.22779235839843,225.0127133178711
2024-10-24,229.06527709960938,229.31364556669442,226.9193699057847,228.47911599629046,31109500,-0.0008233943294747581,228.37929611206056,225.1885580444336
2024-10-25,229.89981079101562,231.69799621804017,228.07182235817814,228.2407111108546,38802300,0.0036432134192183607,228.55911560058593,225.3214846801758
2024-10-28,231.87681579589844,233.19813797949908,231.032372026897,231.7973512193415,36087100,0.008599419886778259,228.57898483276367,225.46752502441407
2024-10-29,232.14505004882812,232.80074647701065,230.80386934668286,231.57877779482254,35417200,0.00115679634468413,228.9495491027832,225.622109375
2024-10-30,228.59835815429688,231.94636045913163,228.05194445904854,231.09197226998216,47070900,-0.01527791307109605,229.11446533203124,225.69344055175782
2024-10-31,224.4357147216797,228.33013097812315,223.89923027313517,227.84332326136388,64370100,-0.018209419639871327,229.1263870239258,225.6837045288086
2024-11-01,221.45529174804688,223.87937072005496,218.83252100898451,219.52794977327943,65276700,-0.01327962876732347,228.93315734863282,225.65151641845702
2024-11-04,220.56114196777344,221.33605042122997,218.2761640538016,219.54780947276666,44944500,-0.0040376085539231,228.94905166625978,225.55554656982423
2024-11-05,221.99176025390625,222.48849724939907,219.69683776020295,220.3525342324639,28111300,0.0064862662269939975,228.83380966186525,225.48143371582032
2024-11-06,221.2665252685547,224.5946691536601,219.74651129717958,221.15724252476647,54561100,-0.0032669455142031456,228.49503555297852,225.37592681884766
2024-11-07,225.99545288085938,226.39285156162418,223.10445516924474,223.16406118155706,42137700,0.021372087831926345,228.41754608154298,225.3955972290039
2024-11-08,225.7269287109375,227.4176895436531,225.17991383614745,225.9357792784742,38328800,-0.0011881839501586278,228.40064239501953,225.34432830810547
2024-11-11,223.01174926757812,224.47376393957063,220.29658566640109,223.77757009002366,42005600,-0.012028602253461695,228.06170349121095,225.25445251464845
2024-11-12,223.01174926757812,224.36436096493557,222.14648085284745,223.33001798502116,40398300,0.0,227.59609603881836,225.28836334228515
2024-11-13,223.8969268798828,225.41861323491412,221.54974806168275,222.79295685996902,48566200,0.003969197206926678,227.2775733947754,225.37812744140626
2024-11-14,226.98007202148438,227.62653447284012,223.77756520755418,223.7974607959322,44923900,0.013770377220298391,227.09482803344727,225.49915405273438
2024-11-15,223.77755737304688,225.6871240415238,223.05152776948486,225.1699449930133,47923700,-0.014109232673670036,226.61038665771486,225.58712677001952
2024-11-18,226.7811737060547,228.49183017609323,223.94665165924164,224.0262188410909,44633700,0.013422330497605106,226.20260925292968,225.73338317871094
2024-11-19,227.0397491455078,228.90953992555222,225.4285554930197,225.74680903538962,36211800,0.001140197994513814,225.83855743408202,225.90070709228516
2024-11-20,227.75584411621094,228.68078414631773,224.6627401240164,226.82094870348703,35169600,0.003154051100735522,225.7636474609375,226.03168548583983
2024-11-21,227.2784423828125,228.9095315645878,224.48371169719937,227.63648708983084,42108300,-0.0020961118923247257,225.67430572509767,226.15093017578124
2024-11-22,228.62110900878906,229.46649702017746,226.82094518602503,226.82094518602503,38168300,0.005907584599313065,225.61037063598633,226.30239349365235
2024-11-25,231.6048126220703,231.98275293866183,228.49182822914253,230.20248468460477,90152800,0.013050866677260853,225.5967704772949,226.63632354736328
2024-11-26,233.7829132080078,234.29015208323423,232.06231657216094,232.06231657216094,45986200,0.009404383964558116,225.6786636352539,227.0044775390625
2024-11-27,233.65362548828125,234.4095061449918,232.53971526898803,233.19613315216662,33498400,-0.0005530246755524049,225.93142700195312,227.29255493164064
2024-11-29,236.04058837890625,236.51797629056327,232.698842645531,233.5342752849028,28481400,0.010215817904116964,226.51167068481445,227.46583892822267
2024-12-02,238.2882843017578,239.4817615684827,235.8714939748314,235.98089694287458,48137100,0.009522497542852282,227.3533203125,227.6973892211914
2024-12-03,241.3316650390625,241.44106801091166,237.60203896586935,238.5070985351772,38861000,0.01277184376152829,228.39184646606446,228.02418212890626
2024-12-04,241.689697265625,242.78372692760894,239.93926498233728,241.5504585064531,44383900,0.001483569205493751,229.3767433166504,228.34025299072266
2024-12-05,241.71954345703125,243.21139387343032,240.81449907142343,242.66439419479377,40033900,0.00012348971323117297,230.3993942260742,228.67678955078125
2024-12-06,241.52064514160156,243.3009285590703,240.76477968960373,241.5902721155965,36870600,-0.0008228474726746926,231.17565383911133,228.98649841308594
2024-12-09,245.40939331054688,245.89673657618508,240.43655859300793,240.51612576959502,44649200,0.016101100453194572,232.1597770690918,229.36861785888672
2024-12-10,246.4238739013672,246.861485816723,244.0070681600661,245.54865007065558,36914800,0.004133829504792352,233.33038330078125,229.6675067138672
2024-12-11,245.15081787109375,249.43739908317045,244.92205654138039,246.61283253090062,45205800,-0.005166122949528007,234.43733673095704,230.0758477783203
2024-12-12,246.6128387451172,247.3885997871069,244.34521203481492,245.54864477609476,32777500,0.005963760948136887,235.57313232421876,230.50210388183595
2024-12-13,246.7819061279297,247.9355922748061,244.90217516923994,246.47359279661413,33155300,0.000685557912040613,236.563224029541,230.95379638671875
2024-12-16,249.67608642578125,250.01425073054844,246.3045049916291,246.6426692963963,51694800,0.011727684347941025,237.85815048217773,231.44092041015625
2024-12-17,252.10281372070312,252.45091820627584,248.42291922357487,248.72129232893911,51356400,0.009719502294599058,239.12423248291014,232.0781115722656
2024-12-18,246.7023468017578,252.89849494785605,246.39403346062903,250.7900177691265,56774100,-0.021421684428037824,240.10736236572265,232.52622650146483
2024-12-19,248.43287658691406,250.6308762664829,245.7475488049507,246.15532490458142,60882300,0.007014646628176857,241.1412139892578,232.93404388427734
2024-12-20,253.10736083984375,253.6145845456153,244.35516822034685,246.69239156062656,147495300,0.018815884262783245,242.4326599121094,233.4452862548828
2024-12-23,253.8831329345703,254.2610580907384,252.07301363460223,253.38584941381717,40858800,0.0030649922315670874,243.69576110839844,234.0016488647461
2024-12-24,256.7972106933594,256.80713572411884,253.90300191480816,254.10192745486222,23234700,0.011478028197879686,244.95538101196288,234.54178253173828
2024-12-26,257.6127014160156,258.6868506395932,256.2302692406472,256.7872242633273,27237100,0.0031756214191516197,246.1468704223633,235.04755859375
2024-12-27,254.20138549804688,257.294504767908,251.68513210698922,256.4292059497028,42355300,-0.013242033095487216,247.17425842285155,235.5262387084961
2024-12-30,250.82980346679688,252.122743648892,249.38768429964367,250.8596392638085,35557500,-0.013263429011782124,247.9137191772461,235.9301351928711
2024-12-31,249.05947875976562,251.90394112888606,248.07485191726244,251.06850844936815,39480700,-0.00705787224071075,248.4522789001465,236.2419970703125
